customer_id,customer_first_name,customer_last_name,postcode,country_code
97-003-2495,Adiana,Shirtliff,993-1092,BY
82-278-5664,Maddalena,Wolfinger,993-0269,ZM
89-896-4591,Mart,Malsher,993-0855,RU
91-647-4130,Nita,Vannacci,993-1062,IR
79-082-9805,Locke,Janaway,993-0503,ID
64-494-1301,Debbi,Gaule,993-0710,FR
89-961-8506,Enriqueta,Kirwin,993-0888,FI
24-545-1124,Kaylyn,Colebourne,993-0856,CN
75-652-8475,Elsworth,Stannas,993-1093,CN
60-742-1416,Giusto,Sheavills,993-0270,UA
07-369-4272,Xymenes,Hands,993-1063,PT
26-237-6257,Jillayne,Gaiford,993-0504,KZ
15-541-9267,Mathew,Groucutt,993-0711,NG
77-064-4656,Tiertza,Doogan,993-0857,RU
93-710-1150,Asia,McNess,993-1094,PT
54-926-6336,Deina,Agus,993-0271,CO
96-883-5571,Gwenora,Beauchamp,993-0505,ZM
60-341-1613,George,Woodeson,993-1064,ES
92-904-9582,Elisabetta,Dubery,993-1183,MZ
43-831-6225,Henryetta,Kunes,993-1240,NL
59-450-2625,Jerrie,Jiran,993-0858,BR
43-225-1028,Stormi,Duddin,993-0712,ZA
24-902-5422,Delilah,Ayerst,993-1095,ID
41-635-6237,Berkley,Petrashov,993-0272,AR
08-581-0238,Rosanne,Zorzutti,993-0506,NG
97-710-2761,Adlai,Arnull,994-4218,SA
84-559-2630,Alberik,Rowcastle,993-1065,KE
51-824-3545,Kele,Bracknell,993-0859,ID
28-808-0517,Nels,Ordish,993-0713,BF
67-841-9713,Del,Hughman,993-0536,CN
73-849-7161,Malchy,Huddlestone,993-1096,CZ
89-643-5055,Adah,Adamczewski,993-0273,CN
30-882-6768,Melisent,Claessens,993-0507,VN
82-932-8304,Curry,Able,993-1066,ID
80-373-3482,Son,Hurworth,993-0860,BR
57-611-6010,Tabbie,Conboy,993-0395,AR
27-255-5518,Lenore,Tabb,993-0508,CN
09-129-7277,Rana,Rait,993-1097,BR
07-457-0443,Den,Coppock.,993-0274,CA
25-056-4351,Leonie,Battin,993-0714,RU
55-534-3489,Cathleen,Gooday,993-0861,PT
68-296-9308,Darla,Kubacek,993-0889,ID
86-592-7704,Leslie,Noden,993-1067,HN
71-234-5179,Steward,Lavies,993-0509,ID
65-465-1137,Wyn,Attwoull,993-1098,PK
21-903-1493,Ingamar,Forker,993-0275,LU
24-648-1490,Itch,Merle,993-0715,LK
81-515-1278,Anastasie,Jahnisch,993-0862,TN
91-488-9581,Henrie,Ledward,993-1068,AR
21-950-4765,Gale,Reeves,993-0510,NP
16-968-9858,Christen,Jedrachowicz,993-1099,ZA
85-368-5194,Windham,Meekin,993-0276,ID
16-138-8056,Jesse,Martelet,993-1184,RU
37-402-2949,Erika,Greensmith,993-0863,CD
81-015-5506,Valerye,Phorsby,993-0716,ID
10-921-5699,Viviyan,Lantiff,993-0511,PH
76-847-6826,Gothart,Domesday,993-1069,GE
59-575-5435,Paloma,Spellar,994-1182,CO
00-988-1489,Alard,Briat,993-0329,RU
03-051-7819,Nessie,Wheal,993-1100,CN
02-974-0997,Aubine,Chardin,993-0277,PH
37-372-9415,Gerta,Hehir,993-0864,MU
07-187-1437,Julie,Brandes,993-0717,LT
77-591-2181,Esra,Mc,993-0512,CN
27-913-7247,Cornela,LaBastida,993-0537,CN
33-882-5916,Boot,Terbeck,993-1070,PL
59-715-3288,Dene,Dawby,993-1101,LC
70-480-2781,Sheffield,Turbitt,993-0278,JP
99-109-2353,Web,O'Howbane,993-0865,PT
49-464-9139,Ynez,Hows,993-0718,BR
52-934-7220,Merwin,Pikhno,993-0513,US
00-435-7006,Silas,Asson,993-0866,UA
86-404-0358,Elvina,McGlynn,993-1071,CN
96-259-0479,Charita,Bosworth,993-1102,PL
00-689-5519,Jill,O'Sirin,993-0279,JP
90-508-0061,Zebedee,Spafford,993-0514,ID
48-898-3804,Ximenez,Meredith,993-0890,ML
57-843-3690,Paddie,Tellenbrok,993-0719,RU
29-310-6052,Alexandr,McGill,993-0867,CN
99-534-0752,Waylan,Grieve,993-1103,CN
32-475-1071,Alvan,Winspare,993-0280,KZ
18-423-4240,Monique,Fry,993-1072,BD
14-968-9727,Desdemona,Dobbinson,993-0515,UA
97-361-6034,Natka,Featenby,993-0720,RU
02-063-5381,Elora,Eliesco,993-0868,MD
50-471-6999,Pablo,Dracksford,993-1185,TT
62-870-7138,Stewart,Keppe,993-1104,AT
44-352-4880,Maisie,Matyushkin,993-0281,CN
57-734-9941,Julina,Di,993-0516,CN
78-757-0953,Biddy,Spadoni,993-1073,ID
55-350-7166,Rici,Bollin,995-8146,PL
16-233-7577,Natty,Murt,993-0869,GM
83-549-0652,Sophey,Garling,993-0721,CN
16-061-3868,Johnette,Haitlie,993-1105,CI
73-374-8667,Marys,Offen,993-0282,AR
09-463-4222,Livvyy,Grombridge,993-0517,BR
52-456-8474,Pete,Morden,993-0348,CN
44-311-9619,Gavra,Breslin,993-1074,RU
46-863-0685,Tibold,MacGorley,993-0870,ID
79-104-5654,Cathee,Briscam,993-1241,DE
74-924-9475,Erinn,Vannar,993-0538,FR
61-623-7377,Gus,Trower,993-0722,ID
68-514-7375,Phillis,Denley,993-0518,ID
37-472-2855,Harriett,O'Sirin,993-1106,PT
06-994-0572,Philomena,Petracchi,993-0283,RU
09-203-2909,Doreen,Sothcott,993-1075,US
76-056-5131,Sandor,Barradell,993-0871,ID
80-202-1241,Sue,Voyce,993-0519,CN
28-994-2175,Dorie,Cammell,993-0723,RU
35-838-2312,Merill,Leyninye,993-1107,PL
13-838-5377,Zach,Bondley,993-0284,ID
08-784-0123,Amandie,Rohmer,993-0891,LV
43-930-4762,Teriann,Olivari,993-0872,CA
21-516-0006,Rayna,Strathearn,993-1076,CN
58-629-4175,Moishe,Constant,993-0520,AL
07-795-8092,Chrotoem,Estevez,993-1108,PE
71-674-3925,Jerome,Ovitts,993-0285,GT
21-823-5019,Charil,Fanton,993-0724,IE
79-307-3578,Jakie,Bullan,993-0873,BR
70-815-9836,Far,Emmanuele,993-1077,SE
98-945-3693,Alexia,Candelin,993-0521,FI
44-464-5517,Yvon,Chasmor,995-5110,AR
00-352-9063,Sharon,Lazare,993-1186,PE
78-456-9963,Chauncey,Barrott,993-1109,PH
28-599-7053,Sandy,Rubinowicz,993-0286,CN
63-572-7482,Bianka,McLanaghan,993-0874,ID
68-882-8050,Selia,Grigoroni,993-0725,ID
44-371-9315,Schuyler,Walewski,993-0522,US
42-607-3260,Celine,Coopland,993-1078,ID
16-794-2589,Ariadne,Copeland,993-0875,US
26-401-4662,Marice,Leavens,993-1110,CN
23-068-9989,Padraic,Zanutti,993-0287,BA
77-281-8756,Hastie,Charopen,993-0726,PH
14-064-2226,Ainslee,Feighney,993-0539,BR
44-057-4911,Durand,Kitt,993-0523,RU
30-825-3298,Doug,Logg,993-1079,RU
21-735-6636,Veradis,Tiddy,993-0876,PL
05-507-9751,Griz,Tawse,993-1111,ID
79-230-2093,Zolly,Heinzel,993-0288,PL
46-151-7455,Braden,Bartolacci,993-0727,FR
74-822-1028,Carol-jean,Croston,993-0524,CN
72-364-9120,Dareen,Soutar,993-0877,JP
57-249-9311,Hedi,Chadwin,993-1080,CN
48-890-3098,Jessey,Doddrell,993-0892,SI
41-401-4494,Almeta,Laird-Craig,993-1112,AF
85-164-1355,Dennie,Lilloe,993-0289,CN
84-742-3186,Emera,Whitewood,993-0525,EC
83-415-1839,Charisse,Risso,993-0728,GR
64-729-1878,Miquela,Dutnell,993-0878,RU
79-877-0995,Leanna,Chapelhow,993-1081,FR
70-288-8972,Allyce,Berthon,993-1113,RU
09-799-7986,Evelyn,Serrier,993-0290,FR
89-492-9791,Thorny,Westrip,993-0526,GR
10-483-3261,Heida,Bohden,996-2074,RU
95-863-7435,Maryjo,Strangwood,993-0729,PL
94-757-1930,Berny,Elcoate,993-0879,AR
65-760-7724,Niles,MacMenamy,993-1187,CN
39-327-8322,Theadora,Huetson,993-0527,CN
08-227-7061,Laverna,Skeermer,993-1114,CN
74-526-8799,Carlin,Brabon,993-0291,BR
85-315-2081,Dorise,Reames,993-1082,SE
67-611-0715,Alexandros,Brookfield,993-0880,CN
34-747-6973,Renata,Vlach,993-0730,PL
13-617-0573,Jolee,Linthead,993-0528,ID
50-340-3351,Mirilla,Barff,993-1115,CN
51-678-5620,Karlene,Whetson,993-0292,ML
80-992-8483,Manuel,Gloyens,993-1083,CN
58-196-6560,Cele,Dunster,993-0540,UA
80-987-8100,Brit,Northfield,993-0881,ID
41-371-0653,Judy,Swainson,993-0731,HR
34-259-4548,Sharai,MacMenamin,993-0529,RU
73-312-7210,Beth,Crocket,993-1116,JP
57-651-6974,Alberik,Fancy,993-0293,ID
39-359-4391,Reuben,Iannello,993-0882,SE
32-572-1979,Dulcie,Lax,993-1084,CZ
27-342-8219,Karel,Welband,993-1242,CZ
67-522-8690,Tricia,Bellsham,993-0530,VE
57-713-4376,Aube,Francescuzzi,993-0732,FR
22-501-0325,Jenn,Josephoff,993-0893,IR
78-012-8423,Shannon,Osban,993-1117,CN
77-254-9655,Hilly,Leahey,993-0294,CN
16-649-4523,Amye,Limbert,993-0883,MM
91-235-3553,Fanni,Caccavella,993-1085,PH
21-667-2874,Paulie,Lemerle,993-0531,MG
66-300-2343,Saw,Aspenlon,996-9038,AR
23-082-9045,Mellicent,Philliphs,993-0733,BR
01-905-4730,Rhody,Dobbin,993-0884,PH
75-904-5534,Koral,Stampfer,993-1118,CN
92-486-6132,Morgan,Gouldeby,993-0295,BR
28-875-7993,Adria,Koubu,993-1188,CA
74-130-0054,Reggie,Hallaways,994-0122,CN
84-581-2271,Dominga,Mc,993-0532,RU
56-917-2112,Kalinda,Grestye,993-0885,CN
82-124-3942,Patrizia,Kunrad,993-0734,CN
45-876-6548,Haskel,Bowell,993-1119,CN
32-514-4207,Claire,Morland,993-0296,CU
87-320-3281,Ryley,McKillop,993-0533,TH
36-331-2831,Marillin,Tieman,995-0112,JP
94-479-0084,Riley,Curnnok,993-0886,JE
13-040-2063,Karissa,Sancraft,993-0541,US
98-558-7897,Alli,Cunney,993-1120,CN
12-180-4369,Gearard,Rowston,993-0297,NL
55-441-4945,Taffy,Shipcott,993-0735,GM
79-553-1254,Calla,Lambal,994-7504,PY
74-776-1637,Forster,Pervew,996-0132,NZ
40-116-0451,Josephine,Archer,997-4425,CN
98-374-2865,Marketa,Olman,993-1121,ID
49-045-3798,Berte,Tootin,993-0298,TH
51-673-6515,Margarette,Hobell,993-0701,IE
60-337-9209,Wynnie,Feronet,999-7648,CN
28-255-9636,Stirling,Santry,993-0736,BD
46-402-7692,Julietta,Legerwood,993-0894,TH
04-007-9403,Reilly,Domonkos,997 01,PT
23-245-6549,Dusty,Yedall,993-1122,US
89-981-5015,Filmer,Floyd,993-0299,MX
85-127-4717,Dannye,Passmore,996-6002,CZ
90-876-6799,Lia,Bonar,993-0737,PE
73-873-4827,Merrill,Baudon,998 01,JP
60-243-1925,Jillene,Maro,993-1123,PH
91-757-8892,Roanna,Safont,993-0300,US
47-010-9846,Harlie,Jindracek,993-1189,MW
66-386-4902,Pen,Pruce,993-0738,AM
37-285-0504,Boot,Burree,999 01,CN
71-766-2433,Audra,Hebborn,993-1124,ID
01-608-1032,Ezequiel,Benion,993-0301,JM
87-811-2475,Chris,Gummer,993-0739,ID
63-400-1629,Leonora,Tullett,993-0542,KE
62-452-0994,Hamnet,Coultas,993-1125,JP
47-423-8685,Alfreda,Chasmer,993-0302,US
44-106-8726,Dyanne,Labbet,993-0740,ID
14-150-3681,Ibrahim,Jurries,993-1126,PT
34-938-2645,Law,Leinweber,993-0303,ID
78-969-3391,Vale,Norwood,993-0895,US
38-206-8901,Grenville,Hyne,993-0741,CN
49-948-7915,Carree,Jeffree,997-2966,ID
38-163-2437,Burke,Jupp,993-1127,RU
33-285-9278,Lucretia,Whyborn,993-0304,PE
39-552-7180,Sherm,Probat,993-1243,UA
73-000-6730,Christian,Yeld,993-0742,ID
52-993-1145,Winnah,Laye,993-1190,ID
29-913-3446,Paxon,Jeffcoat,993-1128,RU
15-086-9086,Hanni,Dunbleton,993-0305,CN
36-740-6346,Lawrence,O'Cahey,993-0543,PT
91-003-5808,Goldie,O'Sherrin,993-0896,PT
66-365-0560,Linus,Gresham,993-0743,CR
41-356-7756,Florinda,Cellier,993-1129,PL
58-991-4580,Inez,Flade,993-0306,PT
79-339-7626,Zena,Todari,993-0544,ID
39-702-3793,Kathleen,Mac,993-0897,EC
12-210-8916,Lorette,Golsthorp,993-0744,CN
95-306-3083,Leanna,Dur,993-1130,BR
07-014-5107,Fredelia,Snedden,993-0307,ID
57-157-8353,Barb,Murfett,993-0545,CA
30-847-7835,Jo,O'Nowlan,993-0898,SY
17-578-7660,Antonella,Ochterlony,993-0546,CZ
73-965-2661,Shelbi,Grishakov,993-0745,FM
51-291-3742,Devonne,Yanuk,993-1131,CN
95-505-4189,Caterina,Rosenzwig,993-0308,ID
61-684-7316,Gradey,O'Gready,997839930,CN
80-268-7959,Felita,Dovey,993-0899,CN
30-426-0861,Aldin,Purrier,993-0547,DE
73-471-6783,Tove,Jaquest,993-1132,NG
06-321-2499,Mano,Abrahamson,993-0309,PT
92-325-4771,Mack,Fabri,993-0746,UY
17-425-9366,Willi,Voce,993-0900,CN
77-869-4945,Maribelle,Allcroft,993-0548,PE
69-530-7688,Devonne,Whal,993-1191,CO
14-693-9001,Karee,Colchett,993-1133,FR
76-335-3399,Emilie,Faircley,993-0310,SE
68-700-9823,Berne,Banbury,993-0747,RU
53-704-6388,Roosevelt,Grigg,993-0901,CN
82-520-3770,Faith,Grushin,993-0549,US
03-547-5984,Joanie,Swindley,993-1134,RU
13-919-9687,Gabrielle,Coxall,993-0311,CN
95-331-1993,Berte,Cornall,993-0902,NP
73-948-0480,Roth,Cousans,993-0748,NG
48-853-9332,Lexie,Spinetti,993-0550,CN
56-125-9083,Anastasia,Baudy,993-0903,CN
23-205-4715,Tildy,Shanks,993-1135,PH
10-534-1630,Cissiee,Gobeau,993-0312,UZ
37-705-9466,Dietrich,Feetham,993-0749,MZ
59-273-7178,Morganne,Brecknell,993-0551,KG
48-951-1953,Lowrance,Kleinmintz,998286894,CN
75-358-8408,Dieter,Crannis,993-0904,CU
62-189-0455,Skippy,McIlwain,993-1136,VN
44-900-5794,Bertrand,Bilton,993-0313,AR
60-136-0339,Persis,Chipchase,993-0552,ID
57-489-1320,Crysta,Garratty,993-0750,PH
48-656-3310,Demetris,McGibbon,993-0905,IT
19-601-3865,Horatio,Codi,993-1137,AM
03-331-1028,Brunhilda,Beeze,993-0314,BR
13-473-0498,Susie,Torrisi,993-0996,RU
50-466-7631,Ludwig,Fuxman,993-0553,BR
76-877-1926,Araldo,Gutman,993-0751,CN
86-277-5508,Jehu,Dauney,993-1192,ID
41-164-0757,Gloriane,Allsepp,993-0906,BR
32-736-6261,Jere,Whitebrook,993-1138,ID
47-775-2879,Elayne,Karet,993-0315,CN
59-072-5051,Laina,Thurborn,993-0554,MN
66-811-8791,Gordan,Hitscher,993-1244,ID
28-108-0435,Noel,Ladley,993-0907,JP
88-633-8492,Cate,Pagitt,993-0752,PE
04-242-3472,Raye,Fyldes,993-1139,CO
48-621-4122,Theda,Jagoe,993-0316,AF
43-167-6563,Mattie,Brenston,993-0555,CN
64-548-0720,Quintus,Parcells,993-0908,NO
33-532-7457,Orel,Gawthrope,993-0753,EG
76-184-8198,Kim,McCloughlin,993-0556,NG
29-212-8537,Mable,Browncey,993-1140,ID
31-360-2315,Ellis,Kops,993-0317,FR
34-231-0656,Germaine,Vallack,998733858,RU
53-208-7209,Jarib,Cranke,993-0909,KZ
42-165-1972,Bobby,Blazewski,993-0557,CN
60-024-5912,Ber,Dillet,993-0754,JM
54-078-7771,Korney,O'Carney,993-1141,CA
43-976-6171,Riccardo,Jahner,993-0318,RU
23-834-9533,Boniface,Giovannilli,993-0910,PL
40-571-6226,Maible,Dalgarno,993-1158,CN
29-914-6794,Ardene,Davydenko,993-0558,GM
97-034-6516,Gardy,Neljes,993-0755,PE
05-685-7660,Jory,Glave,993-1142,PH
41-128-9654,Odilia,Bockett,993-0319,FR
31-856-0244,Lethia,Bodechon,993-0911,SE
95-631-7257,Delly,Ventum,993-1193,TH
23-233-9582,Baxy,Dunkerley,993-0559,CN
71-721-5004,Row,Colchett,993-1143,ID
33-530-9357,Fawnia,Bartosch,993-0320,NP
15-212-8866,Charlot,Warkup,993-0912,ID
05-230-9436,Gualterio,Backshall,993-0756,BR
65-959-0100,Dolorita,Drayton,993-0560,BH
06-870-3808,Guthry,Galpin,993-0913,FR
31-432-4517,Ginelle,Finnimore,993-1144,AZ
42-475-0558,Ravid,Josephsen,993-0321,SE
32-058-7312,Rafferty,Guyonneau,993-0757,PH
04-699-2162,Margarita,Mancktelow,993-0561,NG
68-194-7215,Alena,Geratasch,999180822,DE
72-013-3529,Ashil,Brogini,993-0914,JP
33-940-3140,Giffy,Wreath,993-1145,BR
98-591-9409,Zorine,Delacourt,993-0322,AL
15-509-1414,Kelwin,Ryle,993-0758,PH
93-913-0650,Alan,Paskell,993-0562,CN
91-251-5721,Anny,Pattemore,993-0915,ID
60-136-4870,Mitzi,De,993-1146,ID
95-339-8822,Sheela,Stein,993-0323,US
04-268-9065,Sarah,Plaschke,993-0563,TH
57-924-8318,Damiano,Yurasov,993-0759,PH
06-545-4037,Skipp,Lowater,993-0916,PE
96-628-9343,Esdras,Scoffins,993-1147,ID
40-581-7231,Hervey,Ganning,993-0324,BR
89-302-9477,Jackie,Kment,993-0564,VN
46-123-3292,Hebert,Aubin,993-1194,CO
22-129-8597,Cleon,Moreton,993-0760,CN
30-395-2269,Phil,Schapero,993-0917,ID
52-259-8758,Marielle,Buffey,993-0565,BW
74-339-8181,Clarette,Barreau,993-1148,CN
40-946-4285,Ephrem,Steers,993-0325,CA
22-744-2112,Maighdiln,Lamswood,993-0918,CN
65-570-0362,Paco,Towersey,993-0761,RU
27-350-6986,Elladine,Kobiela,993-0566,DO
83-800-4789,Audie,Willcocks,999627786,PT
10-341-4047,Sheilah,Maestro,993-1149,RU
75-558-6855,Roddie,Winterbotham,993-0326,CO
44-929-7305,Candy,Simoncelli,993-0919,CN
07-161-0216,Marsiella,Duprey,993-1245,JP
77-348-8809,Lorna,Bogart,993-0762,RU
72-701-8397,Worth,Laweles,993-0567,GH
72-417-9175,Anders,Stowe,993-1150,CN
78-492-1244,Dniren,Copperwaite,993-0327,CN
93-083-1812,Noby,Torvey,993-0920,TT
49-536-9801,Elisabetta,Jacke,993-0568,PH
04-732-9888,Lauralee,Beteriss,993-0763,SE
18-296-6063,Uriel,Grooby,993-1151,JP
60-238-7059,Erv,Padrick,993-0328,TH
84-031-0794,Gage,Tocknell,993-0921,PH
58-570-3984,Veronique,Caramuscia,993-0569,AL
62-857-0603,Tiler,Kenrack,993-0764,CA
65-987-4463,Alaric,Thaw,993-0922,SE
82-729-5605,Westbrooke,Blindt,993-1195,IL
14-427-0652,Prudence,Eastlake,993-1152,SE
82-288-9392,Kariotta,Core,993-0570,NG
56-326-1556,Carena,Nucator,993-0923,VE
01-864-9695,Tatiania,O'Crigane,993-0765,UA
17-162-2135,Karoline,Pocock,993-1153,PH
40-931-4451,Lilyan,Schohier,993-0330,CN
75-903-8085,Georgeanna,Boulton,993-0349,RU
90-491-1239,Yorgos,BoHlingolsen,993-0571,PT
63-604-3193,Onfroi,Kornyakov,993-0924,PH
58-027-4960,Cahra,Delacoste,993-0766,CN
22-817-6388,Melicent,Gieves,993-1154,ID
13-132-4970,Kalindi,Ryman,993-0331,ID
63-906-6480,Reta,Leipoldt,993-0572,ID
73-712-9768,Joline,Cancelier,993-0925,FR
88-786-4775,Yorgos,Staite,993-1155,ZA
62-404-0979,Ham,Penhall,993-0332,UG
71-993-6020,Coralie,Keenlayside,993-0767,ID
85-700-6393,Ardenia,Lobb,993-0573,CN
03-215-3959,Cissy,Blondelle,993-0926,RU
90-627-6303,Nadean,Elves,993-0574,CZ
83-486-4557,Fredi,Helks,993-1156,JP
31-441-5077,Brook,Rainger,993-0333,SY
39-738-3678,Rooney,Milbourne,993-0768,LT
47-900-5071,Burgess,Hancill,993-0927,MG
21-798-9412,Lise,Fegan,993-1196,AF
72-484-4060,Douglas,O',993-0575,PH
19-745-7544,Durante,Bullers,993-1157,PE
98-956-4430,Sayer,Goudman,993-0334,BR
84-872-5897,Elke,Dumingos,993-0769,CN
01-882-3064,Adrianne,Freeland,993-0928,FR
46-036-3035,Arnie,Jay,993-0576,ID
59-998-9285,Perrine,Scalera,993-0335,ID
78-169-2461,Berenice,Marples,993-0929,UA
25-816-5806,Carleen,Gyver,993-0770,AM
85-427-4404,Licha,Verden,993-0577,BR
00-090-3491,Bradford,Rafe,993-1159,SN
10-972-8681,Abigail,Struis,993-0336,CN
97-050-8120,Anabelle,Dominelli,993-0930,GR
45-619-6096,Richie,Brydson,993-0771,US
61-290-1464,Becki,Bonsall,993-0578,CN
23-541-2030,Ulick,Tebboth,993-1160,RU
71-561-5133,Sabra,Corry,993-0337,JP
76-263-1020,Valma,Brideau,993-0931,RU
22-414-3931,Tyson,Gahagan,993-1246,MY
33-772-5377,Lucho,McGerraghty,993-0579,ID
48-297-2055,Red,Nordass,993-0772,ID
28-146-1975,Dwain,Eccott,993-0932,PK
80-325-0206,Kali,Avis,993-1161,GR
35-344-7124,Shandeigh,Andreas,993-0338,PT
02-565-4368,Olly,Dobbinson,993-0580,AL
35-306-1244,Tedda,Plumridge,993-1197,HR
13-051-6609,Celle,Oller,993-0773,SE
17-062-2228,Hale,Danilchik,993-0933,ID
30-073-5505,Kore,Smurfit,993-1162,ID
33-715-4955,Reginauld,Kelemen,993-0339,FR
80-565-2790,Jaynell,Alty,993-0581,UY
66-302-7863,Laurianne,Diehn,993-0934,MG
11-549-7666,Jessalin,Dimitriades,993-0774,ID
45-770-5550,Grenville,Bottomore,993-1163,TN
60-056-7305,Vania,Gilding,993-0340,BR
94-324-2649,Barnabas,Gerrell,993-0582,LU
19-662-9886,Hinda,Giacopetti,993-0935,FR
87-886-6643,Henrie,Karolovsky,993-0775,RU
81-155-1642,Merlina,Lermit,993-1164,US
91-253-6389,Kameko,Cockton,993-0341,TH
14-623-7622,Evvie,Crossby,993-0583,CF
72-045-4857,Claybourne,Costin,993-0936,GR
34-099-5874,Mei,Scrogges,993-0776,RU
71-703-5222,Salem,Morgen,993-0584,CN
14-149-6520,Zita,Coldbath,993-1165,CN
38-821-9223,Haily,Izakoff,993-0342,ZA
18-607-5868,Enid,Francescuccio,993-0937,AL
83-012-9386,Ives,Armstead,993-0585,ID
72-151-8614,Allyce,Mantione,993-1166,RU
61-679-9578,Fax,Rojahn,993-0343,JP
05-480-9942,Sabina,Corneille,993-0777,ID
69-118-4914,Hersh,Bolgar,993-0938,KR
03-350-0766,Aaron,Cromley,993-1198,PT
36-618-6589,Mateo,Wightman,993-0586,RU
85-983-2290,Maressa,Fruish,993-1167,NP
97-474-3634,Rosaleen,Ionnisian,993-0344,UZ
11-687-7365,Lance,Cheatle,993-0778,US
84-440-9751,Ariadne,McCrie,993-0939,ID
64-943-2705,Araldo,Bramhall,993-0587,CA
26-229-0678,Kellyann,Sambells,993-1168,ID
67-121-1555,Celinda,Mamwell,993-0345,ID
76-207-5652,Josiah,Thayre,993-0940,PH
37-428-9401,Marcelia,Kerswell,993-0779,CU
09-732-9826,Annice,Maxworthy,993-0588,CN
52-341-6099,Koo,Vinick,993-0941,PL
06-566-4150,Ario,Meekin,993-1169,CN
51-263-4679,Dinny,Fonzone,993-0346,ID
88-753-2311,Cynthy,Stovold,993-0702,HU
66-514-5198,Kellina,Oates,993-0780,AR
09-563-6732,Everard,Trasler,993-0589,TH
49-298-2216,Chastity,Medlar,993-0942,ID
98-778-3557,Karia,Sonier,993-1170,CN
91-536-3437,Madlin,McGrory,993-0347,CN
06-514-5687,Agnes,Acey,993-0590,BY
42-547-8958,Katy,Pine,993-0781,CN
63-367-4362,Verena,Garman,993-0943,ID
63-816-5027,Verene,Beatens,993-1171,PT
30-481-3036,Aldrich,Phythien,993-0591,US
14-111-5943,Malinde,Firbanks,993-1199,ID
64-665-8707,Bentley,Gwyneth,993-1247,CN
27-611-0020,Raquel,Borham,993-0782,ES
54-947-0130,Jemmy,Whelan,993-0944,BR
86-857-1829,Ignace,Cooney,993-1172,MX
64-206-9106,Rania,Gerritsma,993-0592,ZW
69-254-9529,Evangeline,Bernet,993-0945,CN
42-611-3228,Wakefield,Strotton,993-0783,PT
80-827-8013,Gusella,Wadeling,993-0593,ID
15-794-0367,Chrotoem,Harniman,993-1173,ZM
79-477-1193,Roch,Panchen,993-0350,BR
20-741-4330,Ag,Gasking,993-0946,FR
76-163-3165,Cornelia,Rowth,993-0784,JP
75-667-5377,Lauri,Hughill,993-0594,ID
83-395-8326,Kimble,Wayvill,993-1174,GM
57-497-0939,Maddie,Raw,993-0351,RU
83-007-6408,Meg,Reburn,993-0947,CN
12-982-1679,Ondrea,Keyser,993-0595,BA
68-814-7130,Ximenes,Carnachen,993-0785,KZ
61-104-0525,Alyse,Pimlett,993-1175,PL
09-488-5773,Melloney,Schimke,993-0352,CO
16-392-8441,Liam,Downing,993-0948,PH
21-644-8108,Hulda,Nayshe,993-0596,ID
77-952-2629,Rhetta,Nevill,993-0786,PH
11-253-6502,Salvidor,Francesch,993-1176,CN
66-441-5150,Danyelle,Butts,993-0353,CN
13-867-0430,Carol-jean,Sodory,993-1200,CN
39-791-8742,Thorin,Jolliman,993-0949,CN
37-292-6370,Emelda,Furbank,993-0597,ZW
07-117-6288,Raven,Cawkwell,993-0787,ID
55-446-0184,Marsh,Fransoni,993-0950,RU
32-426-3513,Maison,Shoreson,993-1177,PA
61-286-3086,Kiley,Nare,993-0354,BR
81-464-9164,Gianni,Aistrop,993-0598,CO
32-091-9218,Neely,Frankcomb,993-0951,CN
77-585-5912,Petronille,Southwood,993-1178,PT
13-517-7084,Linus,Greer,993-0355,AF
90-268-2856,Florella,Reape,993-0788,CO
30-959-5571,Felice,Fiddler,993-0599,UA
79-080-9855,Charline,Warriner,993-0952,SE
72-650-0634,Devy,Hookes,993-1179,CN
58-762-4502,Gualterio,Paget,993-0356,CO
28-076-4615,Karoly,Ivie,993-0789,PK
34-728-6780,Janeva,Buist,993-0600,FR
14-396-6788,Giselle,Abrahart,993-0953,PL
82-014-8133,Rudolph,Brozek,993-1180,FR
36-821-2511,Ernestine,Merrgen,993-0357,ID
81-476-1236,Lisle,Scamadin,993-0601,CZ
29-219-2253,Althea,Jaggli,993-0790,MX
91-908-8699,Graham,Rumford,993-0954,AZ
40-270-8030,Marillin,Dennehy,993-1201,SN
04-729-3719,Dodi,Lenglet,993-1181,CN
98-463-7157,Sibyl,Cuphus,993-0358,NI
57-799-5797,Sol,Hynam,993-0602,SE
53-865-0514,Nadine,Cudbird,993-0791,CN
56-376-6225,Kristian,Beeken,993-0955,EC
92-702-5870,Desiri,Issac,993-0603,PH
00-896-7289,Felix,Ouver,997-7600,CZ
97-850-3306,Cyril,Copelli,993-0359,ID
71-011-7586,Kimberli,Eisenberg,993-1248,PE
18-907-7870,Serene,Steadman,993-0956,CN
30-902-5761,Melodee,Gartshore,993-0792,US
67-467-1171,Egon,Lawrance,993-0604,PT
92-898-9409,Beryl,Coo,993-0360,VE
18-179-2197,Winn,Raynes,993-0957,ID
19-101-7328,Gigi,Trunchion,993-0793,RU
91-839-0337,Dodi,Basindale,993-0605,CU
33-208-6770,Stephanie,Uman,993-0361,JP
98-336-1192,Krishnah,Pearch,993-0958,BR
21-910-6325,Guthrey,Juara,993-0606,TH
63-986-0563,Jameson,Yaknov,993-0794,ID
71-643-1944,Hermione,Tire,993-0362,BR
87-825-2791,Mariel,Bourdel,993-0959,ID
46-176-6402,Jacky,Shapero,993-0997,BM
14-832-8262,Steward,Pettinger,993-0607,ID
65-481-0473,Hyacintha,Hanne,993-1202,US
43-303-6151,Carolan,Di,993-0795,CN
12-510-9183,Barby,Noell,993-0960,PH
74-548-0202,Eimile,Matz,993-0363,ID
90-275-2874,Vincent,Boarer,993-0396,BY
42-410-0705,Selena,Relton,993-0608,ID
77-111-2020,Angel,Veschambre,993-0796,MX
38-609-7229,Virgie,Belhomme,993-0961,UG
10-196-1743,Steven,Cornbell,993-0364,HU
50-376-1116,Melisandra,Mungham,993-0609,CN
20-180-7160,Dian,Collough,993-0962,CN
84-136-7752,Obidiah,Zanicchi,993-0797,ID
28-783-9841,Jacquetta,Plampin,993-0365,CN
06-093-4453,Adaline,Reichartz,993-0610,CN
09-685-7250,Ally,McBrearty,993-0963,FR
90-423-2784,Brittni,Nielson,993-0366,CO
07-925-9556,Lenci,McFadzean,993-0798,HN
21-055-2991,Shandy,Sefton,993-0611,RU
38-183-2380,Sander,Maloney,993-0964,SE
24-476-4314,Steward,Doyland,993-0612,PH
38-029-8372,Sherye,Christmas,993-0367,US
18-238-2784,Calvin,Aucock,993-0799,ID
13-549-8164,Sindee,Drynan,993-1203,WS
96-936-2893,Jenilee,Ricardou,993-0965,UA
94-096-1282,Gordan,Kneeshaw,993-0613,RU
47-474-8927,Walther,Rablin,993-0368,CN
94-829-5714,Olive,Jeannon,993-0800,RU
46-049-5828,Quinn,Stamps,993-0966,MY
80-692-1577,Amaleta,Brattan,993-0614,ID
72-152-2430,Haslett,Jenkyn,993-0369,CN
20-619-2889,Willow,Burmingham,993-0967,MM
45-670-3073,Mill,Lambell,993-0801,PE
15-968-4354,Adria,Heller,993-0615,ID
09-340-5529,Dell,Hellsdon,993-0370,ME
23-557-3971,Ash,Boise,993-0968,CN
19-291-5558,Kristoffer,Pales,993-1249,FR
82-632-3278,Lucilia,Sandeman,993-0802,CN
30-022-9413,Herculie,Eastment,993-0616,ID
19-848-0069,Virginie,Lammas,993-0969,BY
49-905-8008,Hurlee,Dhennin,993-0371,CN
04-935-5157,Kissie,Gosford,993-0617,ID
36-854-2948,Sherilyn,Ilewicz,993-0803,PH
18-892-9010,Isador,Saffen,993-0970,TH
75-271-9762,Ferrel,Jeratt,993-0372,CN
27-735-9532,Jenda,Castellino,993-1204,CN
99-435-3448,Ives,Darmody,993-0618,CN
80-328-3018,Hedi,Pellington,993-0804,XK
07-158-6611,Stephi,Broose,993-0971,BR
16-815-6643,Tiertza,Barford,993-0373,RU
94-865-3366,Mureil,Codman,993-0806,PT
91-484-8549,Kelbee,Illesley,993-0619,BR
58-358-2956,Christabella,Coathup,993-0972,ID
75-905-7326,Staci,Coppens,9946565,ID
99-823-8050,Carlye,Chiswell,993-0374,GR
62-845-0351,Ezri,Gouck,993-0375,LV
43-748-1342,Garek,Gearty,993-0807,JP
26-472-0085,Tanner,Garner,993-0376,MX
91-321-8895,Dicky,Van,993-0808,RU
80-279-3555,Cynthea,O'Hickee,993-0377,FR
06-831-0706,Shell,Oldis,993-1205,CN
18-073-6715,Howie,Flamank,993-0378,BR
55-267-3235,Raymond,Cranage,993-0809,ID
81-070-8211,Todd,Riglesford,993-0379,PH
06-346-0589,Zorana,Diggin,993-0810,CN
83-988-2186,Tamarah,Filasov,993-0385,ID
86-294-0566,Jazmin,Torald,993-0380,PT
53-638-1872,Maybelle,Bellows,993-0811,CA
39-999-0021,Sid,Oultram,993-0381,PH
88-988-5357,Korney,Buffery,993-1250,GR
20-514-8420,Britta,Barday,993-0812,ID
64-856-3763,Dore,Coyett,993-1206,MY
48-999-9247,Gizela,Northover,993-0382,CN
70-887-8634,Armstrong,Collerd,993-0813,PH
28-494-9464,Jefferson,Lauderdale,993-0383,ID
00-806-0662,Melisse,Southeran,993-0814,UA
82-442-4503,Dill,Beardshall,993-1207,CN
65-353-0657,Giacopo,Bramich,993-0384,KP
59-084-7992,Mickie,Alred,993-0815,JP
21-282-1343,Magdalen,Lacheze,993-1208,CN
18-878-4452,Brook,Begent,993-0816,LV
84-300-6499,Noni,Quickenden,993-1209,CA
79-227-9821,Dre,Danher,993-0386,CN
04-641-1747,Caterina,Sweetnam,993-0817,PH
29-631-4932,Ilario,Michie,993-1210,NG
97-122-0077,Pietra,Dibdall,993-0387,MX
59-553-0874,Isac,Crimpe,993-0818,FR
17-237-9919,Linc,Martynov,993-1211,FR
25-492-4931,Deane,Benbough,993-0388,CN
03-133-1843,Artair,Lant,993-1212,RU
09-427-8083,Darby,McLae,993-0389,KP
01-169-3967,Susette,O'Neil,993-0819,US
19-175-1000,Martainn,Van,993-1213,TH
80-644-1720,Evan,Goldsbury,993-0390,RU
60-022-9187,Lilian,Dislee,993-0820,BR
91-467-3717,Heinrick,Setchfield,993-1214,CN
86-200-6226,Christoforo,Vagg,993-0391,BR
08-294-3158,Weston,Dearden,993-0821,CN
53-839-6279,Lyndel,Rodwell,993-1215,BD
91-982-8246,Keane,Wait,993-0392,MX
21-383-0942,Hermine,Dorton,993-1251,PL
31-388-0154,Roxana,Dicte,993-0822,MX
45-879-0850,Sibley,Rodder,993-0974,UA
24-909-6177,Gerta,Sanday,993-1216,CN
44-048-2898,Cullie,McBrady,993-0393,PT
71-615-2472,Fred,Tatersale,993-0823,BO
14-852-2100,Lynsey,Ludlamme,993-1217,CN
41-082-7417,Clevey,Garfit,993-0394,KR
18-234-4252,Stan,Clethro,993-0703,RU
04-162-3406,Leone,Klulisek,993-0824,TZ
73-175-9496,Jordan,Donner,993-1218,PT
15-547-7156,Shanan,Mingay,993-0825,CN
85-779-8174,Pierson,Baal,993-1219,CN
57-007-8529,Sinclare,Milburne,993-0826,GR
39-459-6791,Lulu,Hastin,993-1220,CN
58-341-8825,Forester,Buxcey,993-0397,BR
70-750-9176,Andrej,Wolfindale,993-0827,PH
97-687-5761,Annaliese,Cowill,993-1221,NI
14-998-1300,Rene,Garn,993-0398,UG
85-126-7032,Riordan,Wormald,993-0828,ET
33-155-2546,Phillipe,Ropartz,993-1222,FM
59-029-6148,Ely,Doodson,993-0399,CN
57-653-7765,Cecilia,Swinbourne,993-0829,PT
26-673-1238,Madelin,Giacomi,993-1223,AM
78-925-5718,Dennison,Qusklay,993-0400,FR
67-683-3934,Rowena,Santori,993-1224,PL
58-972-0413,Estele,Schultze,993-0401,RU
46-633-0361,Joycelin,Loghan,993-0830,CN
62-555-9031,Dalila,Baldree,993-1225,PN
45-196-5583,Melessa,Lecordier,993-0402,AL
04-962-5217,Adelheid,Casolla,993-0831,ID
70-610-7059,Hall,Everil,993-1252,UA
87-579-7924,Deloria,Hannen,993-1226,UG
18-208-4971,Flem,Haibel,993-0403,KR
19-203-6248,Janeva,Silman,993-0832,US
50-245-9029,Pansie,Alldis,993-1227,PL
93-638-4651,Harry,Beak,993-0404,CN
03-512-0082,Saul,Parsonage,993-0833,ID
75-496-8007,Tamma,Clink,993-1228,US
61-440-3934,Ferguson,Wilcocke,993-0405,RU
71-908-5082,Wenona,MacGinlay,993-0834,US
91-165-1485,Constantina,Mottley,993-1229,RU
90-874-3974,Aluin,McUre,993-0406,SE
59-386-1239,Beret,Behneke,993-0835,JP
65-949-4674,Pietra,Paute,993-1230,PE
71-435-6306,Kathy,Fairlam,993-0407,CN
09-974-0828,Cornall,Pimlock,993-0836,PL
44-383-3466,Montgomery,Spileman,993-1231,RU
34-874-3361,Ethelind,Schnieder,993-0408,SE
45-685-2873,Terencio,Loche,993-0837,KE
48-588-2099,Kiersten,Dalliwater,993-1232,FR
50-079-2328,Marena,Jacox,993-0409,FR
11-586-9495,Debbie,Noteyoung,993-0838,AF
26-438-8798,Katrina,Aylett,993-1233,FR
04-810-9943,Cyndi,Ruler,993-0410,HR
63-547-7404,Silva,Addy,993-0998,RU
48-306-2176,Cal,Rorke,993-0839,ID
60-508-6117,Baldwin,Colchett,993-1234,ML
63-536-7273,Yorgo,Muzzillo,993-0411,ID
53-236-6596,Ellis,Castanares,993-0840,CN
81-541-0260,Ginevra,Pally,993-1235,RE
98-090-3894,Renard,Crispin,993-0412,PT
64-444-2153,Igor,Durrand,993-1236,CN
26-402-5585,Bree,Bleas,993-0413,CN
37-076-7913,Brandon,Cocklie,993-0841,BL
54-763-6870,Roxine,Humphries,993-1253,CU
98-252-9656,Rene,Clements,993-1237,BO
82-587-1933,Payton,Rissen,993-0414,PH
44-431-8932,Elvira,Beverstock,993-0842,PT
56-311-7903,Robbin,Shottin,993-1238,CN
50-213-8609,Henry,Reaney,993-0415,BR
56-511-3188,Bibbie,Bover,993-0843,KG
24-176-7246,Galina,Whaites,993-1239,CN
49-237-7569,Killy,Condie,993-0416,RU
40-260-1346,Gennifer,Koenen,993-0844,EC
94-189-0780,Pauline,Danihelka,993-0417,PH
74-748-7404,Raye,Rossant,993-0845,AL
03-883-9835,Deck,Paulat,993-0418,PT
42-820-6751,Valida,Greenhill,993-0846,PH
16-112-3047,Lind,Haggath,993-0419,AR
87-182-2023,Nathanil,Eykel,993-0847,JP
82-505-1173,Grenville,Penburton,993-0420,CN
62-549-2752,Malina,Pengelly,99889254,ID
07-280-9648,Anna-diane,Kopps,993-0421,AR
46-324-1886,Ram,Sinclaire,993-0422,RU
75-071-4546,Henryetta,Kempster,993-0423,MD
48-766-8760,Myra,Zaczek,993-0424,AR
14-346-3203,Jard,Adderson,993-1254,CN
45-272-9855,Ogdon,Petr,993-0425,CA
14-188-9770,Brynn,Roset,993-0426,HN
40-236-9118,Emmerich,Ochterlony,993-0427,BY
91-336-4124,Allyn,Gurnay,993-0428,VN
90-138-4450,Brendin,Meedendorpe,993-0429,MV
40-189-3632,Jilly,Bursnoll,993-0430,CN
60-346-2768,Danna,O'Nion,993-0431,GR
53-257-4115,King,Hillin,993-1255,TH
96-799-4054,Clive,Crammy,993-0432,CN
72-073-0415,Anna-maria,Neilan,993-1256,TH
41-836-7896,Annamarie,Taylot,993-0433,SE
53-501-6288,Kerri,Barnes,993-1257,BR
35-922-4096,Florella,McMullen,993-0434,CN
07-805-8279,Natala,Stobbe,993-1258,SE
82-197-4890,Sly,Fullwood,993-0435,PE
01-646-4719,Christoper,Myrkus,993-1259,CN
27-053-6056,Jerrome,Drohan,993-0436,ID
57-785-3314,Gail,Grigaut,993-1260,ID
54-536-6254,Nelli,Myrie,993-0437,PL
80-467-4735,Ferdinand,Fowley,993-0682,UG
80-680-2541,Sue,Fargie,993-1261,BR
34-942-9341,Allie,Turbard,993-0438,ID
38-865-5715,Cordelia,Whicher,993-1262,FR
52-201-2191,Rubin,Ind,993-0439,PH
81-334-5691,Halette,O'Hanley,994 01,CN
34-309-3114,Rodrigo,D'Alessio,993-0440,TT
32-395-2589,Harriott,Manby,995 01,CM
51-529-9908,Arlette,Magauran,993-0441,AM
07-575-4456,Godfrey,Jellicorse,996 01,RU
30-134-4141,Mary,Demangel,993-0442,PL
64-337-3586,Marcile,Meffen,994108835,CN
79-834-1150,Paton,Fritzer,997 01,PL
80-927-5246,Tasia,Fautly,993-0443,LY
09-688-8521,Arthur,Mathewson,998 01,CN
07-111-7669,Sabra,Calbreath,993-0444,CZ
04-960-9928,Les,Harmson,999 01,RU
26-631-4044,Derry,Davis,993-0445,PA
66-683-1761,Marlo,McGeaney,993-0446,CN
79-752-9044,Fayre,Crocket,993-0447,EE
38-777-7517,Hynda,Skeel,993-0448,WF
96-606-2380,Hakeem,Leadston,993-0449,CN
17-656-8981,Nev,Bompas,993-0450,CN
46-957-2549,Mady,McMennum,993-0451,US
96-909-7950,Eleonore,Stitcher,993-0452,CN
57-301-6790,Manolo,Russ,993-0453,ID
68-082-3942,Kally,Biers,993-0454,GT
75-937-6004,Basil,Slarke,993-0455,RU
46-708-9429,Ermina,Kitter,993-0456,CN
68-435-7756,Fidelity,Banham,993-0457,TH
76-663-5204,Aldric,Jerman,993-0458,CN
82-126-8371,Callie,Dunning,993-0999,CN
15-796-7574,Mona,Rudwell,993-0459,NG
38-921-3385,Herve,Tunmore,993-0460,ZW
91-067-3717,Cori,Percifer,993-0461,MX
34-306-8680,Lana,Boyne,993-0462,CN
99-288-3999,Melinda,O'Brogan,993-0463,SE
80-343-1997,Katie,Betancourt,993-0464,MD
45-809-5759,Nickolai,Balmer,993-0465,CN
32-854-1763,Garvin,Guerrazzi,993-0466,CN
24-717-8311,Granger,Aiers,993-0467,PL
76-937-0622,Steffane,Karpol,993-0468,GR
71-907-8875,Peggie,Biddles,993-0469,MY
63-919-4250,Forest,Cole,993-0470,GT
11-447-6901,Launce,Sowerbutts,993-0471,MA
89-460-3944,Julius,Scutchin,993-0472,PH
53-761-3433,Ulberto,Alyutin,993-0473,BR
01-560-0809,Klement,Brothwell,993-0474,PE
01-889-1994,Marchelle,Annes,993-0475,UA
99-181-8100,Polly,Murton,993-0476,PH
95-556-4695,Melita,Drinkale,993-0477,CN
23-605-5942,Kelsy,Schroder,993-0478,ID
77-254-6430,Renato,Paulin,993-0479,US
22-928-0299,Farrel,Teare,993-0480,AL
02-156-3419,Reg,Lepper,993-0481,KM
15-038-3835,Gay,Skechley,993-0482,CN
61-676-0339,Barnabas,Casson,993-0483,KE
53-853-8502,Vaughan,Gorch,993-0484,GT
03-040-0318,Lorne,Boldry,993-0485,US
71-801-5063,Enrika,Marty,993-0486,CN
27-104-9440,Petronille,Scrimgeour,993-0487,US
90-947-8460,Alisander,Shoebottom,993-0488,PH
67-746-6460,Ara,McWard,993-0489,MK
47-264-6899,Dru,Priscott,993-0490,CZ
07-589-4558,Tammara,Burgyn,995203565,PL
63-784-1408,Gabe,Boyan,993-0491,RS
97-519-5326,Kellby,Quarterman,993-0492,PH
98-667-2397,Essie,Hagland,993-0493,RU
91-387-2469,Rorie,Colicot,993-0494,CN
96-672-3509,Charin,Pinckard,99442290,CN
20-317-3721,Porty,Auston,993-1000,CN
28-196-8983,Rowan,Grover,996298295,CO
77-493-2198,Flynn,Magnay,993-1001,PL
56-479-7571,Tiffani,Halstead,993-0973,RU
58-749-9630,Cornelius,Harkess,993-0975,MX
36-854-2570,Mirna,Rosita,993-0976,RU
72-486-1808,Konrad,Standering,993-0977,CN
59-261-5057,Wilek,Ivanyushkin,993-0978,ET
91-616-5387,Zora,Hanalan,993-0979,PH
83-854-5062,Davita,Baynham,993-0980,HR
10-502-1445,Aurie,Unthank,993-0981,MN
22-453-6603,Alida,Dumphy,993-0982,PH
75-436-9725,Cristabel,Nutty,993-0983,CN
13-641-1831,Gallagher,Benyon,993-0984,CN
80-658-1730,Adham,Heyns,993-0985,UA
32-836-5069,Gilberta,Sabberton,993-0986,PA
91-062-1559,Fairfax,Seniour,993-0987,SI
61-361-4915,Chloette,Pyke,993-0988,CN
35-231-9391,Kym,Lepard,993-0989,PT
54-610-9376,Alisander,Cornelisse,993-0990,RU
30-049-5208,Essy,Licence,993-0991,PH
90-805-1347,Joye,MacHostie,993-0992,RU
94-518-3950,Gabey,Macewan,993-0993,PH
95-153-0059,Hallie,Roddam,993-0994,ID
88-616-2949,Gregg,Yellowlea,997-0672,ZA
12-472-1799,Elfrieda,Umbers,997-93025,RU
22-174-9688,Nertie,Igglesden,993-1002,ES
20-380-7591,Doll,Friary,993-1003,RU
39-392-8970,Terry,Iannitti,993-1004,PT
51-811-2023,Maryellen,Gligori,993-1005,MA
83-660-8060,Natasha,Cool,993-1006,NL
91-276-1722,Devland,Pagett,993-1007,RU
98-132-2808,Nels,Hargreaves,993-1008,FM
63-009-8189,Eyde,Ellerton,993-1009,PT
37-149-1807,Nancy,Rollinshaw,993-1010,CA
11-402-7555,Anjela,Shobrook,993-1011,SO
75-669-7534,Michaela,Babcock,993-1012,RU
18-648-5116,Gawain,Willmont,993-1013,RU
62-551-8160,Jonell,Aiton,993-1014,PK
31-320-9549,Christi,Flute,993-1015,CN
13-951-6935,Megan,Beddows,993-1016,AR
85-451-7757,Borden,Hacking,993-1017,ID
20-910-8042,Nelie,Cleare,993-1018,CN
20-850-2376,Agretha,Dutteridge,993-1019,NA
41-226-8734,Dominick,Crafts,993-1020,AF
53-665-5572,Rivi,Bowart,993-1021,BD
60-917-4254,Bambie,Frears,993-1022,CN
45-104-2327,Wandie,Yeeles,993-1023,VE
03-754-8064,Ali,Einchcombe,993-1024,CN
71-750-9970,Egbert,Mollnar,993-1025,UA
81-488-4385,Mary,Jellett,993-1026,US
50-685-3169,Wanda,Ramas,993-1027,BR
42-897-6329,Annmarie,Bountiff,993-1028,MA
80-277-5556,Gauthier,Sapshed,993-1029,PK
49-449-2339,Jilleen,Foux,993-1030,AF
08-390-4691,Ennis,Dungate,993-0620,PA
35-042-6593,Horatio,Lundy,993-0621,CN
19-112-3031,Mariquilla,Labbe,993-0622,TG
42-286-4150,Emmalynne,Hairs,993-0623,ID
38-254-0934,Cirilo,Koschek,993-0624,HR
00-381-6823,Eba,Harriagn,993-0625,AR
60-477-3944,Vivie,Twinning,993-0626,YE
50-716-5754,Granville,Mallison,993-0627,CN
80-273-1248,Freida,Nannizzi,993-0628,UA
09-888-3706,Kipp,Coulling,993-0629,PT
84-403-5215,Hana,Livesay,993-0630,CN
94-235-1902,Giustina,Thorne,993-0631,PS
64-198-0112,Tommi,Durham,993-0632,ID
97-708-6756,Ethelbert,Cordeux,993-0633,FI
29-581-4956,Lew,Allot,993-0634,PT
29-300-1910,Des,Covet,998487755,FI
91-807-1653,Dacey,Witherden,993-0635,AR
27-609-7148,Annaliese,Brunsden,993-0636,DE
08-962-4575,Katherine,Midson,993-0637,RS
42-982-8925,Janith,Bowra,993-0638,NG
59-164-4769,Lucais,Sewards,993-0639,CN
67-529-6495,Codee,Pindar,993-0640,GR
86-735-3061,Julianna,Jostan,993-0641,PH
67-170-9130,Orelle,Beadel,993-0642,CN
98-044-8929,Virginie,McGrey,993-0643,MY
45-612-9855,Mignonne,Shepland,993-0644,ID
75-673-9361,Camille,Symmons,993-0645,CN
18-790-4326,Trixy,Southwick,993-0646,CZ
69-923-8256,Hilary,Pudner,993-0647,PH
12-123-6838,Read,Trusty,993-0648,TH
95-643-4919,Othella,Flood,993-0649,TH
29-590-2171,Kenna,Lideard,993-0650,ZA
08-816-0158,Cathe,Snar,993-0651,CN
03-684-7057,Amandi,McConaghy,993-0652,TN
08-417-0042,Nerty,Green,993-0653,CN
28-838-2563,Willa,Wethered,993-0654,TH
82-214-2697,Francis,Runciman,993-0655,CN
29-402-3395,Kaleena,Philips,993-0656,ID
50-753-5196,Alister,Stronack,993-0657,ID
34-839-6626,Terrye,Littlechild,993-0658,CN
02-681-4911,Nicole,Linnit,993-0659,CN
24-388-6822,Anatole,Desforges,993-0660,GH
07-597-7903,Carroll,Tear,993-0661,IT
36-850-2399,Yardley,Eliet,993-0662,US
45-044-4374,Antonino,McMains,993-0663,PH
07-667-2054,Jobie,Coaten,993-0664,CL
12-760-8688,Bonnee,Keller,993-0665,CN
42-905-5328,Emilee,Riddeough,993-0666,KZ
29-836-4385,Colver,McChesney,993-0667,ID
58-519-0920,Pail,Duignan,993-0668,SA
37-038-2215,Jethro,Fenwick,993-0669,CO
58-897-9539,Yankee,Penright,993-0670,RU
04-213-6891,Leonard,Fuxman,993-0671,AR
81-094-4880,Mikael,O'Keevan,993-0672,BR
37-845-3065,Donni,Tatem,993-0673,US
37-704-3505,Belle,Priver,993-0674,RU
10-047-1960,Isidro,Chelam,993-0675,RU
95-862-4662,Dal,Raper,993-0676,CN
49-436-2903,Bennett,Pendered,993-0677,KR
22-719-1060,Melesa,Halahan,993-0678,MX
09-710-7305,Pincas,Stearn,993-0679,DE
87-172-1004,Sorcha,Beesley,993-0680,AZ
03-575-7094,Fielding,Struys,993-0681,CN
88-064-9725,Serena,Yerby,999582485,FR
81-286-3465,Eva,Dulake,993-0683,FR
78-150-8068,Viva,Foulstone,993-0684,PL
30-459-4522,Blancha,Trippack,993-0685,GR
30-668-7438,Torr,Windrus,993-0686,CN
58-165-3429,Ash,Lodford,993-0687,CN
31-307-2307,Ezequiel,Cunniff,993-0688,PL
11-127-1413,Cirillo,Creamen,993-0689,CN
92-135-9201,Charline,Windrus,993-0690,CN
35-109-7817,Ram,Chaudhry,993-0691,NA
13-989-5109,Merrill,Sawford,993-0692,ID
93-077-9628,Aime,Ferry,993-0693,US
26-608-5179,Rayner,Lukianovich,993-0694,ID
85-902-1541,Junie,Older,993-0695,IR
65-854-0852,Hymie,Meadowcroft,993-0696,AR
84-107-5872,Titos,Edgcumbe,993-0697,GR
01-010-4453,Norby,Foord,993-0698,CZ
58-684-1818,Adamo,Rumens,993-0699,MN
83-279-6709,Tersina,Wolfer,993-0700,IR
72-055-7985,Laney,Fadden,993-1031,CN
81-678-3234,Tony,Crabtree,993-1032,CN
55-516-2272,Alison,Jamieson,993-1033,BR
83-465-8495,Purcell,Eyer,993-1034,KZ
04-049-1006,Averell,Joint,993-1035,CN
42-037-9687,Roi,Critzen,993-1036,RU
26-834-8571,Hermione,Crix,993-1037,CN
73-981-1213,Carney,Speer,993-1038,PT
37-013-0292,Sterne,Salterne,993-1039,US
99-033-8011,Chaddy,Mangeney,993-1040,HN
73-427-9774,Sully,Cunney,993-1041,AF
38-352-8049,Jozef,Godson,993-1042,BR
09-339-5822,Webster,Lomax,993-1043,CZ
13-027-0249,Mattie,Winyard,993-1044,CN
61-819-5221,Jackelyn,Jacox,993-1045,PH
27-928-3810,Waldo,Tomkiss,993-1046,PT
40-831-4524,Donella,Tomasini,993-1047,NO
68-632-2108,Currie,Fidell,993-1048,CD
44-527-5077,Steffie,Slemmonds,993-1049,CN
28-301-5131,Sullivan,Eddoes,993-1050,PT
37-935-3233,Malinde,Blunn,993-1051,ID
30-273-7602,Lottie,Schultheiss,993-1052,JP
55-844-1489,Andonis,Rawling,993-1053,CN
51-918-5148,Ansell,Lethlay,993-1054,BD
29-317-1692,Spenser,Wandless,993-1055,CN
99-380-1965,Hamlen,Mashro,993561470,CN
37-335-7316,Elliott,Avard,994656200,CZ
42-806-9893,Seamus,Hearl,995750930,BY
84-776-0112,Mariann,Ibbeson,996845660,ID
64-810-4341,Tera,Stockdale,997940390,FR
53-132-9646,Jacynth,Clubb,999035120,PL
